<?xml version="1.0" encoding="UTF-8"?>
<UIStates>
    <Binder Show="Yes">
        <ShowCollections>No</ShowCollections>
        <SelectedCollection>0</SelectedCollection>
        <SubdocumentCounts>No</SubdocumentCounts>
        <ExpandedItems>
            <ItemID>9D32A05A-EAD8-47BC-B2CD-1E7C5DF4EFD5</ItemID>
            <ItemID>6B94F4B2-2B7D-4C5F-9F55-269B48DAE4EB</ItemID>
            <ItemID>3F5B8B99-ED83-4A28-9F7A-A54D7C24D2D3</ItemID>
            <ItemID>DAEEA030-90C5-4CF3-B823-BA362EA9AFD3</ItemID>
            <ItemID>8B014782-1E52-4F6D-B15C-CA5FB440B23B</ItemID>
        </ExpandedItems>
        <Selection>
            <ItemID>F2DC8FD8-E9B6-4A7D-9BB7-BD0F49F4A3B8</ItemID>
        </Selection>
        <SearchResultsSort Titles="Ascending" Dates="Ascending">None</SearchResultsSort>
    </Binder>
    <Inspector Show="Yes" View="MetaData">
        <ShowProjectBookmarks>No</ShowProjectBookmarks>
        <ShowSimilarTexts>No</ShowSimilarTexts>
        <FootnoteNumbers Prompt="No">No</FootnoteNumbers>
    </Inspector>
    <Split>None</Split>
    <BinderAffects>Current</BinderAffects>
    <Labels>
        <Binder FullWidth="No">No</Binder>
        <Icons>No</Icons>
        <IndexCards>No</IndexCards>
        <OutlinerRows>No</OutlinerRows>
        <ScriveningsTitles>No</ScriveningsTitles>
    </Labels>
    <Corkboards>
        <LabelIndicators>Yes</LabelIndicators>
        <Stamps>No</Stamps>
        <Keywords>No</Keywords>
        <Numbers Restart="No">No</Numbers>
        <SnapToGrid>No</SnapToGrid>
        <BlankCardsAsGhosts>No</BlankCardsAsGhosts>
    </Corkboards>
    <Text>
        <ShowFormatBar>Yes</ShowFormatBar>
        <UseVerticalLayout>No</UseVerticalLayout>
        <ShowScriveningsTitles>Yes</ShowScriveningsTitles>
        <ShowInvisibles>No</ShowInvisibles>
        <RevisionMode>0</RevisionMode>
        <TextChecking>
            <Spelling>No</Spelling>
            <Grammar>No</Grammar>
            <SmartQuotes>No</SmartQuotes>
            <SmartDashes>No</SmartDashes>
        </TextChecking>
    </Text>
    <FullScreen>
        <ShowRuler>No</ShowRuler>
        <PageLayout Facing="No">No</PageLayout>
        <TypewriterScrolling>Yes</TypewriterScrolling>
    </FullScreen>
    <Editors Primary="Editor2">
        <Editor1>
            <View>
                <ShowHeader>Yes</ShowHeader>
                <ShowFooter>Yes</ShowFooter>
                <GroupsViewMode>Scrivenings</GroupsViewMode>
                <CurrentViewMode>Single</CurrentViewMode>
                <SelectionAffects>None</SelectionAffects>
                <NavigationHistory CurrentIndex="99">
                    <HistoryItem Type="BinderItems" ViewMode="Single">D3758D51-73E1-41A3-9947-FF13D054291A</HistoryItem>
                    <HistoryItem Type="BinderItems" ViewMode="Single">C960813C-1D04-4F44-BD22-BB0F2DB282E0</HistoryItem>
                    <HistoryItem Type="BinderItems" ViewMode="Single">C3B826DA-2B69-433E-AE8F-96FD8BC82EBB</HistoryItem>
                    <HistoryItem Type="BinderItems" ViewMode="Single">A71775B2-1366-4180-8923-3810E8FC6611</HistoryItem>
                    <HistoryItem Type="BinderItems" ViewMode="Single">3B1A06ED-3252-475A-9C22-DD92A4707DB1</HistoryItem>
                    <HistoryItem Type="BinderItems" ViewMode="Single">6E166A5C-F0A7-4B33-9751-BD511DBF6F55</HistoryItem>
                    <HistoryItem Type="BinderItems" ViewMode="Scrivenings" ScriveningsSelection="0,0">3F5B8B99-ED83-4A28-9F7A-A54D7C24D2D3</HistoryItem>
                    <HistoryItem Type="BinderItems" ViewMode="Single">DAE0B6CC-07A9-46F2-ACED-44F8DD10D299</HistoryItem>
                    <HistoryItem Type="BinderItems" ViewMode="Scrivenings" ScriveningsSelection="0,0">3F5B8B99-ED83-4A28-9F7A-A54D7C24D2D3</HistoryItem>
                    <HistoryItem Type="BinderItems" ViewMode="Single">2622D537-0133-40C8-BA94-E3929202E577</HistoryItem>
                    <HistoryItem Type="BinderItems" ViewMode="Single">B6DF8B74-2795-4E2E-9BC3-A1FC4605BDEE</HistoryItem>
                    <HistoryItem Type="BinderItems" ViewMode="Single">C35AF98E-075B-4B7D-8409-F2766153D9E7</HistoryItem>
                    <HistoryItem Type="BinderItems" ViewMode="Single">BA898AEE-F0DF-4322-9314-FEDA26981C10</HistoryItem>
                    <HistoryItem Type="BinderItems" ViewMode="Single">8F455F32-FDBF-4625-B20B-3603549ABD66</HistoryItem>
                    <HistoryItem Type="BinderItems" ViewMode="Single">BA898AEE-F0DF-4322-9314-FEDA26981C10</HistoryItem>
                    <HistoryItem Type="BinderItems" ViewMode="Single">C35AF98E-075B-4B7D-8409-F2766153D9E7</HistoryItem>
                    <HistoryItem Type="BinderItems" ViewMode="Single">B6DF8B74-2795-4E2E-9BC3-A1FC4605BDEE</HistoryItem>
                    <HistoryItem Type="BinderItems" ViewMode="Single">2622D537-0133-40C8-BA94-E3929202E577</HistoryItem>
                    <HistoryItem Type="BinderItems" ViewMode="Scrivenings" ScriveningsSelection="0,0">6B94F4B2-2B7D-4C5F-9F55-269B48DAE4EB</HistoryItem>
                    <HistoryItem Type="BinderItems" ViewMode="Single">F2DC8FD8-E9B6-4A7D-9BB7-BD0F49F4A3B8</HistoryItem>
                    <HistoryItem Type="BinderItems" ViewMode="Single">6E166A5C-F0A7-4B33-9751-BD511DBF6F55</HistoryItem>
                    <HistoryItem Type="BinderItems" ViewMode="Scrivenings" ScriveningsSelection="0,0">3F5B8B99-ED83-4A28-9F7A-A54D7C24D2D3</HistoryItem>
                    <HistoryItem Type="BinderItems" ViewMode="Single">2622D537-0133-40C8-BA94-E3929202E577</HistoryItem>
                    <HistoryItem Type="BinderItems" ViewMode="Single">B6DF8B74-2795-4E2E-9BC3-A1FC4605BDEE</HistoryItem>
                    <HistoryItem Type="BinderItems" ViewMode="Single">C35AF98E-075B-4B7D-8409-F2766153D9E7</HistoryItem>
                    <HistoryItem Type="BinderItems" ViewMode="Single">BA898AEE-F0DF-4322-9314-FEDA26981C10</HistoryItem>
                    <HistoryItem Type="BinderItems" ViewMode="Single">8F455F32-FDBF-4625-B20B-3603549ABD66</HistoryItem>
                    <HistoryItem Type="BinderItems" ViewMode="Single">BA898AEE-F0DF-4322-9314-FEDA26981C10</HistoryItem>
                    <HistoryItem Type="BinderItems" ViewMode="Single">C35AF98E-075B-4B7D-8409-F2766153D9E7</HistoryItem>
                    <HistoryItem Type="BinderItems" ViewMode="Single">B6DF8B74-2795-4E2E-9BC3-A1FC4605BDEE</HistoryItem>
                    <HistoryItem Type="BinderItems" ViewMode="Single">2622D537-0133-40C8-BA94-E3929202E577</HistoryItem>
                    <HistoryItem Type="BinderItems" ViewMode="Single">B6DF8B74-2795-4E2E-9BC3-A1FC4605BDEE</HistoryItem>
                    <HistoryItem Type="BinderItems" ViewMode="Single">C35AF98E-075B-4B7D-8409-F2766153D9E7</HistoryItem>
                    <HistoryItem Type="BinderItems" ViewMode="Single">BA898AEE-F0DF-4322-9314-FEDA26981C10</HistoryItem>
                    <HistoryItem Type="BinderItems" ViewMode="Single">8F455F32-FDBF-4625-B20B-3603549ABD66</HistoryItem>
                    <HistoryItem Type="BinderItems" ViewMode="Scrivenings" ScriveningsSelection="0,0">9D32A05A-EAD8-47BC-B2CD-1E7C5DF4EFD5</HistoryItem>
                    <HistoryItem Type="BinderItems" ViewMode="Single">F2DC8FD8-E9B6-4A7D-9BB7-BD0F49F4A3B8</HistoryItem>
                    <HistoryItem Type="BinderItems" ViewMode="Single">4C695FEB-E419-4C45-A46E-A4658E1C6F2C</HistoryItem>
                    <HistoryItem Type="BinderItems" ViewMode="Single">ABD194A7-0E88-4F19-B4D6-09A367CAEFBC</HistoryItem>
                    <HistoryItem Type="BinderItems" ViewMode="Single">874FC928-F6CD-4B4B-A8C9-5400A210E27C</HistoryItem>
                    <HistoryItem Type="BinderItems" ViewMode="Single">16A24C29-AA95-4DC2-876B-A107CF4073EF</HistoryItem>
                    <HistoryItem Type="BinderItems" ViewMode="Single">DAE0B6CC-07A9-46F2-ACED-44F8DD10D299</HistoryItem>
                    <HistoryItem Type="BinderItems" ViewMode="Single">6E166A5C-F0A7-4B33-9751-BD511DBF6F55</HistoryItem>
                    <HistoryItem Type="BinderItems" ViewMode="Scrivenings" ScriveningsSelection="0,0">BA898AEE-F0DF-4322-9314-FEDA26981C10,8F455F32-FDBF-4625-B20B-3603549ABD66</HistoryItem>
                    <HistoryItem Type="BinderItems" ViewMode="Scrivenings">DAEEA030-90C5-4CF3-B823-BA362EA9AFD3</HistoryItem>
                    <HistoryItem Type="BinderItems" ViewMode="Single">DAE0B6CC-07A9-46F2-ACED-44F8DD10D299</HistoryItem>
                    <HistoryItem Type="BinderItems" ViewMode="Single">4C695FEB-E419-4C45-A46E-A4658E1C6F2C</HistoryItem>
                    <HistoryItem Type="BinderItems" ViewMode="Single">F2DC8FD8-E9B6-4A7D-9BB7-BD0F49F4A3B8</HistoryItem>
                    <HistoryItem Type="BinderItems" ViewMode="Scrivenings" ScriveningsSelection="0,0">6B94F4B2-2B7D-4C5F-9F55-269B48DAE4EB</HistoryItem>
                    <HistoryItem Type="BinderItems" ViewMode="Single">16A24C29-AA95-4DC2-876B-A107CF4073EF</HistoryItem>
                    <HistoryItem Type="BinderItems" ViewMode="Scrivenings" ScriveningsSelection="0,0">C7DE6C79-67F9-4873-BD08-376A867C1B6E</HistoryItem>
                    <HistoryItem Type="BinderItems" ViewMode="Single">6E166A5C-F0A7-4B33-9751-BD511DBF6F55</HistoryItem>
                    <HistoryItem Type="BinderItems" ViewMode="Single">DAE0B6CC-07A9-46F2-ACED-44F8DD10D299</HistoryItem>
                    <HistoryItem Type="BinderItems" ViewMode="Scrivenings" ScriveningsSelection="0,0">3F5B8B99-ED83-4A28-9F7A-A54D7C24D2D3</HistoryItem>
                    <HistoryItem Type="BinderItems" ViewMode="Single">DAE0B6CC-07A9-46F2-ACED-44F8DD10D299</HistoryItem>
                    <HistoryItem Type="BinderItems" ViewMode="Scrivenings" ScriveningsSelection="0,0">9D32A05A-EAD8-47BC-B2CD-1E7C5DF4EFD5</HistoryItem>
                    <HistoryItem Type="BinderItems" ViewMode="Scrivenings" ScriveningsSelection="0,0">6B94F4B2-2B7D-4C5F-9F55-269B48DAE4EB</HistoryItem>
                    <HistoryItem Type="BinderItems" ViewMode="Single">F1AA3BE0-F47B-44A4-9681-B165BEDB56C7</HistoryItem>
                    <HistoryItem Type="BinderItems" ViewMode="Scrivenings" ScriveningsSelection="0,0">B3017584-77DF-4751-89E1-EA62098C1BDB</HistoryItem>
                    <HistoryItem Type="BinderItems" ViewMode="Single">A6D02C06-BC06-40BB-9B28-D402C89F3D84</HistoryItem>
                    <HistoryItem Type="BinderItems" ViewMode="Scrivenings" ScriveningsSelection="0,0">F8BC2FA3-3A32-489C-952D-912909D9543F</HistoryItem>
                    <HistoryItem Type="BinderItems" ViewMode="Scrivenings" ScriveningsSelection="0,0">C63B82F3-A5A4-434B-B980-B35638063314</HistoryItem>
                    <HistoryItem Type="BinderItems" ViewMode="Scrivenings" ScriveningsSelection="0,0">C7DE6C79-67F9-4873-BD08-376A867C1B6E</HistoryItem>
                    <HistoryItem Type="BinderItems" ViewMode="Scrivenings" ScriveningsSelection="0,0">9D32A05A-EAD8-47BC-B2CD-1E7C5DF4EFD5</HistoryItem>
                    <HistoryItem Type="BinderItems" ViewMode="Single">ABD194A7-0E88-4F19-B4D6-09A367CAEFBC</HistoryItem>
                    <HistoryItem Type="BinderItems" ViewMode="Scrivenings" ScriveningsSelection="0,0">6B94F4B2-2B7D-4C5F-9F55-269B48DAE4EB</HistoryItem>
                    <HistoryItem Type="BinderItems" ViewMode="Single">E6204736-36FA-48B6-A26B-865057BCFEB5</HistoryItem>
                    <HistoryItem Type="BinderItems" ViewMode="Single">6777C5FF-BCD4-43E1-9A65-8AB83586DDD7</HistoryItem>
                    <HistoryItem Type="BinderItems" ViewMode="Single">DAE0B6CC-07A9-46F2-ACED-44F8DD10D299</HistoryItem>
                    <HistoryItem Type="BinderItems" ViewMode="Scrivenings" ScriveningsSelection="0,0">3F5B8B99-ED83-4A28-9F7A-A54D7C24D2D3</HistoryItem>
                    <HistoryItem Type="BinderItems" ViewMode="Single">6777C5FF-BCD4-43E1-9A65-8AB83586DDD7</HistoryItem>
                    <HistoryItem Type="BinderItems" ViewMode="Scrivenings" ScriveningsSelection="0,0">6B94F4B2-2B7D-4C5F-9F55-269B48DAE4EB</HistoryItem>
                    <HistoryItem Type="BinderItems" ViewMode="Single">6E166A5C-F0A7-4B33-9751-BD511DBF6F55</HistoryItem>
                    <HistoryItem Type="BinderItems" ViewMode="Scrivenings" ScriveningsSelection="0,0">6B94F4B2-2B7D-4C5F-9F55-269B48DAE4EB</HistoryItem>
                    <HistoryItem Type="BinderItems" ViewMode="Single">4C695FEB-E419-4C45-A46E-A4658E1C6F2C</HistoryItem>
                    <HistoryItem Type="BinderItems" ViewMode="Single">E6204736-36FA-48B6-A26B-865057BCFEB5</HistoryItem>
                    <HistoryItem Type="BinderItems" ViewMode="Single">F2DC8FD8-E9B6-4A7D-9BB7-BD0F49F4A3B8</HistoryItem>
                    <HistoryItem Type="BinderItems" ViewMode="Scrivenings" ScriveningsSelection="0,0">6B94F4B2-2B7D-4C5F-9F55-269B48DAE4EB</HistoryItem>
                    <HistoryItem Type="BinderItems" ViewMode="Single">F2DC8FD8-E9B6-4A7D-9BB7-BD0F49F4A3B8</HistoryItem>
                    <HistoryItem Type="BinderItems" ViewMode="Single">E6204736-36FA-48B6-A26B-865057BCFEB5</HistoryItem>
                    <HistoryItem Type="BinderItems" ViewMode="Single">6777C5FF-BCD4-43E1-9A65-8AB83586DDD7</HistoryItem>
                    <HistoryItem Type="BinderItems" ViewMode="Single">E6204736-36FA-48B6-A26B-865057BCFEB5</HistoryItem>
                    <HistoryItem Type="BinderItems" ViewMode="Single">F2DC8FD8-E9B6-4A7D-9BB7-BD0F49F4A3B8</HistoryItem>
                    <HistoryItem Type="BinderItems" ViewMode="Scrivenings" ScriveningsSelection="0,0">6B94F4B2-2B7D-4C5F-9F55-269B48DAE4EB</HistoryItem>
                    <HistoryItem Type="BinderItems" ViewMode="Single">2622D537-0133-40C8-BA94-E3929202E577</HistoryItem>
                    <HistoryItem Type="BinderItems" ViewMode="Single">C35AF98E-075B-4B7D-8409-F2766153D9E7</HistoryItem>
                    <HistoryItem Type="BinderItems" ViewMode="Single">2622D537-0133-40C8-BA94-E3929202E577</HistoryItem>
                    <HistoryItem Type="BinderItems" ViewMode="Scrivenings" ScriveningsSelection="0,0">3F5B8B99-ED83-4A28-9F7A-A54D7C24D2D3</HistoryItem>
                    <HistoryItem Type="BinderItems" ViewMode="Single">2622D537-0133-40C8-BA94-E3929202E577</HistoryItem>
                    <HistoryItem Type="BinderItems" ViewMode="Outliner">3F5B8B99-ED83-4A28-9F7A-A54D7C24D2D3</HistoryItem>
                    <HistoryItem Type="BinderItems" ViewMode="Outliner">6B94F4B2-2B7D-4C5F-9F55-269B48DAE4EB</HistoryItem>
                    <HistoryItem Type="BinderItems" ViewMode="Single">F2DC8FD8-E9B6-4A7D-9BB7-BD0F49F4A3B8</HistoryItem>
                    <HistoryItem Type="BinderItems" ViewMode="Scrivenings" ScriveningsSelection="0,0">6B94F4B2-2B7D-4C5F-9F55-269B48DAE4EB</HistoryItem>
                    <HistoryItem Type="BinderItems" ViewMode="Single">2622D537-0133-40C8-BA94-E3929202E577</HistoryItem>
                    <HistoryItem Type="BinderItems" ViewMode="Single">B6DF8B74-2795-4E2E-9BC3-A1FC4605BDEE</HistoryItem>
                    <HistoryItem Type="BinderItems" ViewMode="Scrivenings" ScriveningsSelection="0,0">3F5B8B99-ED83-4A28-9F7A-A54D7C24D2D3</HistoryItem>
                    <HistoryItem Type="BinderItems" ViewMode="Single">C35AF98E-075B-4B7D-8409-F2766153D9E7</HistoryItem>
                    <HistoryItem Type="BinderItems" ViewMode="Scrivenings" ScriveningsSelection="0,0">B3017584-77DF-4751-89E1-EA62098C1BDB</HistoryItem>
                    <HistoryItem Type="BinderItems" ViewMode="Scrivenings" ScriveningsSelection="0,0">6B94F4B2-2B7D-4C5F-9F55-269B48DAE4EB</HistoryItem>
                    <HistoryItem Type="BinderItems" ViewMode="Single">2622D537-0133-40C8-BA94-E3929202E577</HistoryItem>
                </NavigationHistory>
            </View>
            <Text>
                <ShowRuler>No</ShowRuler>
                <PageLayout Facing="No">No</PageLayout>
                <TypewriterScrolling>No</TypewriterScrolling>
                <LineNumbers Interval="5">No</LineNumbers>
                <Selection>0,0</Selection>
            </Text>
            <Outliner>
                <Columns>
                    <ColID>title</ColID>
                    <ColID>sectionType</ColID>
                    <ColID>path</ColID>
                </Columns>
                <ExpandedItems>
                    <ItemID>C7DE6C79-67F9-4873-BD08-376A867C1B6E</ItemID>
                    <ItemID>A14DF5BB-79FC-44CE-8E56-85EB37D97781</ItemID>
                    <ItemID>970591F7-5187-42B5-ABD1-3395110CE19E</ItemID>
                    <ItemID>C63B82F3-A5A4-434B-B980-B35638063314</ItemID>
                    <ItemID>B1C2539F-161E-4BFA-BAB0-F0852C43338A</ItemID>
                    <ItemID>F8BC2FA3-3A32-489C-952D-912909D9543F</ItemID>
                    <ItemID>B3017584-77DF-4751-89E1-EA62098C1BDB</ItemID>
                    <ItemID>6B94F4B2-2B7D-4C5F-9F55-269B48DAE4EB</ItemID>
                </ExpandedItems>
                <TitlesOnly>No</TitlesOnly>
                <HideIcons>No</HideIcons>
                <ShowNumbers>No</ShowNumbers>
                <KeywordsAsChips>Yes</KeywordsAsChips>
                <FixedRowHeights>No</FixedRowHeights>
            </Outliner>
            <Corkboard>
                <CardsAcross>-1</CardsAcross>
                <KeywordChips>5</KeywordChips>
                <SizeCardsToFit>Yes</SizeCardsToFit>
                <CardHeightRatio>0.6666</CardHeightRatio>
                <SectionsArrangement>Wrap</SectionsArrangement>
                <LabelThreadsUseColumns>No</LabelThreadsUseColumns>
            </Corkboard>
            <Copyholder PreferredOrientation="Vertical" VerticalPos="Right" HorizontalPos="Bottom">
                <Text>
                    <ShowRuler>No</ShowRuler>
                    <PageLayout Facing="No">No</PageLayout>
                    <TypewriterScrolling>No</TypewriterScrolling>
                    <LineNumbers Interval="1">No</LineNumbers>
                </Text>
            </Copyholder>
        </Editor1>
        <Editor2>
            <View>
                <ShowHeader>Yes</ShowHeader>
                <ShowFooter>Yes</ShowFooter>
                <GroupsViewMode>Scrivenings</GroupsViewMode>
                <CurrentViewMode>Single</CurrentViewMode>
                <SelectionAffects>None</SelectionAffects>
                <Content>
                    <ItemID>F2DC8FD8-E9B6-4A7D-9BB7-BD0F49F4A3B8</ItemID>
                </Content>
                <NavigationHistory CurrentIndex="3">
                    <HistoryItem Type="BinderItems" ViewMode="Single">2622D537-0133-40C8-BA94-E3929202E577</HistoryItem>
                    <HistoryItem Type="BinderItems" ViewMode="Scrivenings" ScriveningsSelection="0,0">9D32A05A-EAD8-47BC-B2CD-1E7C5DF4EFD5</HistoryItem>
                    <HistoryItem Type="BinderItems" ViewMode="Scrivenings" ScriveningsSelection="1653,0">6B94F4B2-2B7D-4C5F-9F55-269B48DAE4EB</HistoryItem>
                    <HistoryItem Type="BinderItems" ViewMode="Single">F2DC8FD8-E9B6-4A7D-9BB7-BD0F49F4A3B8</HistoryItem>
                </NavigationHistory>
            </View>
            <Text>
                <ShowRuler>No</ShowRuler>
                <PageLayout Facing="No">No</PageLayout>
                <TypewriterScrolling>No</TypewriterScrolling>
                <LineNumbers Interval="1">No</LineNumbers>
                <Selection>1033,0</Selection>
            </Text>
            <Outliner>
                <Columns>
                    <ColID>title</ColID>
                    <ColID>label</ColID>
                    <ColID>status</ColID>
                    <ColID>sectionType</ColID>
                </Columns>
                <TitlesOnly>No</TitlesOnly>
                <HideIcons>No</HideIcons>
                <ShowNumbers>No</ShowNumbers>
                <KeywordsAsChips>Yes</KeywordsAsChips>
                <FixedRowHeights>No</FixedRowHeights>
            </Outliner>
            <Corkboard>
                <CardsAcross>-1</CardsAcross>
                <KeywordChips>5</KeywordChips>
                <SizeCardsToFit>Yes</SizeCardsToFit>
                <CardHeightRatio>0.6666</CardHeightRatio>
                <SectionsArrangement>Wrap</SectionsArrangement>
                <LabelThreadsUseColumns>No</LabelThreadsUseColumns>
            </Corkboard>
            <Copyholder PreferredOrientation="Vertical" VerticalPos="Right" HorizontalPos="Bottom">
                <Text>
                    <ShowRuler>No</ShowRuler>
                    <PageLayout Facing="No">No</PageLayout>
                    <TypewriterScrolling>No</TypewriterScrolling>
                    <LineNumbers Interval="1">No</LineNumbers>
                </Text>
            </Copyholder>
        </Editor2>
    </Editors>
</UIStates>