<?xml version="1.0" encoding="UTF-8"?>
<Snapshots Version="1.0">
    <Snapshot>
        <Title>Untitled (Save)</Title>
        <Date>2023-04-12 14:18:52 -0300</Date>
        <StyleIDs>20872460-5596-4960-A156-97C5E1AA7F58,8D866A01-906A-45A7-BBE2-066ABF636711,397070BB-C113-4D53-BE2C-E174CF0ED0D4,5532FB35-3AC5-4FEA-A0B5-643DD5B04A72,67535920-9CE8-4C34-BDD6-39B8CB62D3FA</StyleIDs>
    </Snapshot>
    <Snapshot>
        <Title>Untitled (Save)</Title>
        <Date>2023-04-12 22:33:30 -0300</Date>
        <StyleIDs>4679D04C-1140-4652-B73B-8C692040513D,0B61C4E1-9F34-4A25-90B1-4193F0E479A1,44577CFA-62FE-4262-A7ED-1DD6F87818CA,E6FAB0A9-D523-4B2C-97AE-0205005F7E56,B8E3CF37-0551-44DC-9990-F79073CE3308</StyleIDs>
    </Snapshot>
</Snapshots>