<?xml version="1.0" encoding="UTF-8"?>
<Snapshots Version="1.0">
    <Snapshot>
        <Title>Untitled (Save)</Title>
        <Date>2023-02-25 18:49:19 -0300</Date>
        <StyleIDs>D7AD9701-CCA5-49D1-A178-D096CF3D098A,C46EA6A2-DF36-407B-B850-318F9E4D7118</StyleIDs>
    </Snapshot>
    <Snapshot>
        <Title>Untitled (Save)</Title>
        <Date>2023-02-25 21:10:43 -0300</Date>
        <StyleIDs>0DC03650-397C-41FF-B286-5F4CFF20A2F3,2A4128A8-BFC2-4C52-B116-F2EF087CDDAE,6972B12A-DE81-46F2-BEB1-42C8663F7167,99A1AFF8-D5DE-4258-86C7-4661052BED12,C46EA6A2-DF36-407B-B850-318F9E4D7118,D97C52C7-5341-4EAA-BFBD-FA588A54D726,046A3939-77BF-4B65-91E6-2F659E650F18</StyleIDs>
    </Snapshot>
    <Snapshot>
        <Title>Untitled (Save)</Title>
        <Date>2023-04-12 12:05:34 -0300</Date>
        <StyleIDs>D7AD9701-CCA5-49D1-A178-D096CF3D098A,2A4128A8-BFC2-4C52-B116-F2EF087CDDAE,C46EA6A2-DF36-407B-B850-318F9E4D7118,7DA90E13-17C6-4E68-A274-78EB284DFD11,046A3939-77BF-4B65-91E6-2F659E650F18,D97C52C7-5341-4EAA-BFBD-FA588A54D726</StyleIDs>
    </Snapshot>
    <Snapshot>
        <Title>Untitled (Save)</Title>
        <Date>2023-04-12 14:18:51 -0300</Date>
        <StyleIDs>D7AD9701-CCA5-49D1-A178-D096CF3D098A,2A4128A8-BFC2-4C52-B116-F2EF087CDDAE,C46EA6A2-DF36-407B-B850-318F9E4D7118,7DA90E13-17C6-4E68-A274-78EB284DFD11,046A3939-77BF-4B65-91E6-2F659E650F18,D97C52C7-5341-4EAA-BFBD-FA588A54D726</StyleIDs>
    </Snapshot>
</Snapshots>